{"memory_usage": 143396864.0, "io_operations": 0.0, "packet_frequency": 0.16638644691851778, "processor_time": 0.2222222222222222, "dll_list": []}